ACCY130,Accounting for Accountability and Decision Making,Semester 2,2022,860,3800,Mr Smith Roydon
ACCY131,Fundamentals of Accounting,Semester 2,2022,860,3800,Mrs Martha Grey
ACCY223,Management Accounting,Semester 2,2022,860,3800,Mr Smith Roydon
ACCY225,Introduction to Accounting Systems,Semester 2,2022,860,3800,Mrs Martha Grey
ACCY231,Financial Accounting,Semester 2,2022,860,3800,Mr Smith Roydon
ACCY302,Accounting for Strategy and Value,Semester 2,2022,860,3800,Mrs Martha Grey
ACCY303,Fraud Auditing,Semester 2,2022,860,3800,Mr Smith Roydon
ACCY306,Data Analytics for Financial Statements,Semester 2,2022,860,3800,Mrs Martha Grey
ACCY317,Accounting Information Systems,Semester 2,2022,860,3800,Mr Smith Roydon
ACCY321,Special Topic: Auditing,Semester 2,2022,860,3800,Mrs Martha Grey
ACCY330,Auditing,Semester 2,2022,860,3800,Mr Smith Roydon
